<?xml version="1.0" encoding="UTF-8"?>
<hibernate-configuration>
 
    <session-factory>
 
        <property name="connection.driver_class">com.mysql.cj.jdbc.Driver</property>
    <!-- property name="connection.driver_class">com.mysql.jdbc.Driver</property -->
    <property name="connection.url">jdbc:mysql://localhost/flightbooking</property>
    <property name="dialect">org.hibernate.dialect.MySQL5Dialect</property>
    <property name="connection.username">root</property>
    <property name="connection.password">chinna@33</property>
  
    <!--property name="dialect">org.hibernate.dialect.MySQLDialect</property-->
    
    <property name="show_sql">true</property>
    <property name="format_sql">true</property>
    
    <property name="hbm2ddl.auto">update</property>
    <!-- mapping class="com.mcnz.jpa.examples.Player" / -->
    
      <property name="current_session_context_class">thread</property>
 
    </session-factory>
 
</hibernate-configuration>